Issue Id,Issue Type,Summary,Description,Priority,Labels,Epic Name,Epic Link,Parent Id,Story Points,Sprint,Components,Acceptance Criteria
FIN-EPIC-01,Epic,"Financeiro - Cadastros base","Base de dados e telas de cadastro para pessoas, plano de contas, centros de custo, contas bancarias e formas de pagamento.",Highest,"financeiro,mvp",Financeiro - Cadastros base,,,,MVP-S1,"frontend,backend,database","Cadastros funcionando com validacoes obrigatorias e auditoria basica."
FIN-EPIC-02,Epic,"Financeiro - Movimentacoes e liquidacao","Lancar receitas e despesas, gerar contas a pagar e receber, com workflow de aprovacao, baixa e conciliacao.",Highest,"financeiro,mvp",Financeiro - Movimentacoes e liquidacao,,,,MVP-S2,"frontend,backend,database","Fluxo completo de aberto ate pago/recebido com rastreabilidade."
FIN-EPIC-03,Epic,"Financeiro - RH e custo de pessoal","Controle de eventos de folha, encargos e beneficios com rateio por centro de custo.",High,"financeiro,should",Financeiro - RH e custo de pessoal,,,,V2-S3,"frontend,backend,database","Custo de pessoal por centro de custo e periodo disponivel para consulta."
FIN-EPIC-04,Epic,"Financeiro - Dashboard e relatorios","Visao executiva do financeiro com KPIs, DRE simplificada, aging e exportacoes.",High,"financeiro,mvp",Financeiro - Dashboard e relatorios,,,,MVP-S4,"frontend,backend,analytics","Indicadores confiaveis e exportacao CSV/XLSX/PDF por filtros."
FIN-EPIC-05,Epic,"Financeiro - Governanca e permissoes","Perfis de acesso, aprovacao por alcada, trilha de auditoria e logs de mudanca.",High,"financeiro,mvp",Financeiro - Governanca e permissoes,,,,MVP-S4,"backend,security","Perfis aplicados e logs auditaveis por tela e acao."
FIN-001,Story,"Cadastro de pessoas multi-tipo","Permitir pessoa com multi-selecao: cliente, fornecedor, transportadora, proprietario, funcionario.",Highest,"cadastro,pessoas,mvp",,,FIN-EPIC-01,5,MVP-S1,"frontend,backend","Salvar pessoa com no minimo nome, tipo, documento e status."
FIN-002,Story,"Validacao CPF/CNPJ e unicidade","Validar formato de CPF/CNPJ e impedir duplicidade por documento ativo.",Highest,"cadastro,validacao,mvp",,,FIN-EPIC-01,3,MVP-S1,"backend","Cadastro bloqueia duplicidade e exibe mensagem objetiva."
FIN-003,Story,"Fornecedor com categoria e tags de produto/servico","Adicionar categoria de fornecedor e multi-tags de produto/servico para analise de gastos.",Highest,"fornecedor,mvp",,,FIN-EPIC-01,5,MVP-S1,"frontend,backend","Fornecedor salvo com pelo menos uma categoria e tags opcionais."
FIN-004,Story,"Campos bancarios em pessoas","Guardar banco, agencia, conta, tipo de chave PIX e favorecido.",Medium,"cadastro,banking,should",,,FIN-EPIC-01,3,V2-S3,"frontend,backend","Dados bancarios opcionais por pessoa com mascaras validas."
FIN-005,Story,"Plano de contas hierarquico N1-N4","Cadastrar/importar e consultar plano de contas de 4 niveis com filtro e busca.",Highest,"plano-contas,mvp",,,FIN-EPIC-01,8,MVP-S1,"frontend,backend,database","Lancamento so aceita conta nivel 4 ativa."
FIN-006,Story,"Centros de custo e subcentros","Cadastrar centros de custo por atividade: pecuaria, agricultura, silvicultura, suporte.",Highest,"centro-custo,mvp",,,FIN-EPIC-01,5,MVP-S1,"frontend,backend","Centro de custo disponivel em lancamentos e relatorios."
FIN-007,Story,"Rateio por percentual e valor","Ratear um lancamento entre varios centros por percentual ou valor.",Highest,"rateio,mvp",,,FIN-EPIC-01,8,MVP-S2,"frontend,backend","Soma do rateio deve fechar 100% ou valor total."
FIN-008,Story,"Contas bancarias e caixas","Cadastro de multiplas contas por fazenda com saldo inicial e status.",High,"tesouraria,mvp",,,FIN-EPIC-01,5,MVP-S1,"frontend,backend","Conta bancaria pode ser usada na baixa e na conciliacao."
FIN-009,Story,"Formas de pagamento parametrizaveis","PIX, boleto, TED, dinheiro, cartao, barter com taxas e prazos.",High,"pagamento,mvp",,,FIN-EPIC-01,3,MVP-S1,"frontend,backend","Forma de pagamento ativa aparece no lancamento e na baixa."
FIN-010,Story,"Lancamento de despesa","Tela de despesa com emissao, competencia, fornecedor, conta N4, centro de custo, valor e vencimento.",Highest,"despesa,mvp",,,FIN-EPIC-02,8,MVP-S2,"frontend,backend","Nao salvar despesa sem fornecedor e conta N4."
FIN-011,Story,"Lancamento de receita","Tela de receita com emissao, competencia, cliente, conta N4, centro de custo, valor e vencimento.",Highest,"receita,mvp",,,FIN-EPIC-02,8,MVP-S2,"frontend,backend","Nao salvar receita sem cliente e conta N4."
FIN-012,Story,"Parcelamento de lancamentos","Gerar N parcelas com vencimentos, juros, multa, desconto e historico por parcela.",Highest,"parcelas,mvp",,,FIN-EPIC-02,8,MVP-S2,"frontend,backend","Cada parcela vira titulo independente em aberto."
FIN-013,Story,"Status financeiro automatico","Definir status open, paid, received, overdue conforme data de baixa e vencimento.",Highest,"status,mvp",,,FIN-EPIC-02,5,MVP-S2,"backend","Sem data de baixa fica open; vencido sem baixa vira overdue."
FIN-014,Story,"Contas a pagar - lista e filtros","Tela AP com filtros por vencimento, fornecedor, categoria, centro de custo e status.",Highest,"ap,mvp",,,FIN-EPIC-02,5,MVP-S2,"frontend,backend","Filtro retorna titulos corretos e totais por status."
FIN-015,Story,"Workflow AP: programar aprovar pagar conciliar","Implementar etapas com trilha de usuario/data e bloqueio por permissao.",Highest,"aprovacao,mvp",,,FIN-EPIC-02,8,MVP-S2,"frontend,backend,security","Apenas perfil autorizado aprova e baixa pagamento."
FIN-016,Story,"Contas a receber - lista e filtros","Tela AR com filtros equivalentes ao AP e visao por cliente.",Highest,"ar,mvp",,,FIN-EPIC-02,5,MVP-S2,"frontend,backend","Filtros e totais consistentes com lancamentos de receita."
FIN-017,Story,"Baixa parcial de recebimento","Permitir baixa parcial e manter saldo residual em aberto ate quitacao total.",High,"ar,mvp",,,FIN-EPIC-02,5,MVP-S2,"frontend,backend","Saldo residual calculado corretamente apos cada baixa parcial."
FIN-018,Story,"Transferencia entre contas internas","Registrar transferencia entre conta origem e destino sem afetar resultado.",Medium,"tesouraria,should",,,FIN-EPIC-02,3,V2-S3,"frontend,backend","Movimento altera caixa mas nao entra em receita/despesa."
FIN-019,Story,"Conciliação bancaria","Importar extrato e conciliar titulos por valor/data/documento.",High,"conciliacao,mvp",,,FIN-EPIC-02,8,MVP-S4,"frontend,backend","Titulos conciliados ficam marcados e auditados."
FIN-020,Story,"Alertas financeiros operacionais","Alertas para vencendo hoje, atrasadas, e proximas 7/15/30 dias.",High,"alerta,mvp",,,FIN-EPIC-02,3,MVP-S4,"frontend,backend","Painel mostra contagem por janela de vencimento."
FIN-021,Story,"Cadastro de funcionario ligado a pessoas","Aproveitar cadastro de pessoas e ativar dados de vinculo trabalhista.",High,"rh,should",,,FIN-EPIC-03,5,V2-S3,"frontend,backend","Funcionario cadastrado reutiliza pessoa existente."
FIN-022,Story,"Eventos de folha e encargos","Registrar salario, encargos, beneficios, premio, rescisao e treinamentos.",High,"rh,should",,,FIN-EPIC-03,8,V2-S3,"frontend,backend","Eventos de RH geram despesas com classificacao adequada."
FIN-023,Story,"Rateio de funcionario por centro de custo","Configurar percentual por funcionario (ex: 70% pecuaria, 30% agricultura).",High,"rh,rateio,should",,,FIN-EPIC-03,5,V2-S3,"frontend,backend","Somatorio por funcionario deve fechar 100%."
FIN-024,Story,"Indicador custo de pessoal por centro","Apurar custo mensal de pessoal por centro e por unidade produtiva.",High,"rh,kpi,should",,,FIN-EPIC-03,5,V2-S3,"analytics,backend","Relatorio mensal apresenta custo por centro e total consolidado."
FIN-025,Story,"Dashboard de caixa atual","KPI de caixa por conta e consolidado com corte por data de referencia.",Highest,"dashboard,mvp",,,FIN-EPIC-04,3,MVP-S4,"frontend,backend,analytics","Valores iguais ao saldo conciliado do periodo."
FIN-026,Story,"Fluxo de caixa realizado e projetado","Curva semanal/mensal com realizado e previsao por titulos em aberto.",Highest,"dashboard,mvp",,,FIN-EPIC-04,8,MVP-S4,"frontend,backend,analytics","Projecao considera vencimento e status dos titulos."
FIN-027,Story,"DRE simplificada","Receita - despesas operacionais - investimentos - resultado por periodo.",Highest,"dre,mvp",,,FIN-EPIC-04,5,MVP-S4,"frontend,backend,analytics","DRE bate com somatorios do plano de contas."
FIN-028,Story,"Top 10 despesas por categoria e fornecedor","Analise de concentracao de gasto para negociacao e corte de custo.",High,"dashboard,mvp",,,FIN-EPIC-04,3,MVP-S4,"frontend,analytics","Ranking respeita filtros de periodo, fazenda e centro."
FIN-029,Story,"Relatorio aging AP e AR","Faixas 0-30, 31-60, 61-90, 90+ para pagar e receber.",High,"relatorio,mvp",,,FIN-EPIC-04,5,MVP-S4,"frontend,backend,analytics","Aging mostra quantidade e valor por faixa e total."
FIN-030,Story,"Exportacao CSV XLSX PDF","Exportar visoes com filtros aplicados e carimbo de geracao.",High,"export,mvp",,,FIN-EPIC-04,5,MVP-S4,"frontend,backend","Arquivo exportado preserva filtros e colunas visiveis."
FIN-031,Story,"Orcado vs realizado","Comparar previsao de custo/receita com valor realizado por centro e conta.",Medium,"orcamento,could",,,FIN-EPIC-04,8,V3-S5,"frontend,backend,analytics","Desvio percentual e valor absoluto por periodo e categoria."
FIN-032,Story,"Perfis e permissoes por modulo financeiro","Perfis Admin, Financeiro, RH, Gestor, Auditor com matriz de permissao.",Highest,"seguranca,mvp",,,FIN-EPIC-05,5,MVP-S4,"backend,security,frontend","Usuario sem permissao nao acessa acao sensivel."
FIN-033,Story,"Aprovacao por alcada","Exigir aprovador conforme faixa de valor do titulo.",Highest,"aprovacao,mvp",,,FIN-EPIC-05,5,MVP-S4,"backend,security","Titulos acima da alcada nao podem ser pagos sem aprovacao."
FIN-034,Story,"Trilha de auditoria e logs","Registrar create/update/delete/approve/pay/receive com usuario e timestamp.",Highest,"auditoria,mvp",,,FIN-EPIC-05,5,MVP-S4,"backend,security","Historico imutavel consultavel por filtro e exportavel."
